City_ID,City,Country,Lat,Lng,Max Temp,Humidity,Cloudiness,Wind Speed,Current Description
0,Port Hedland,AU,-20.3167,118.5667,93.25,59,23,11.5,few clouds
1,Punta Arenas,CL,-53.15,-70.9167,53.71,66,40,27.63,scattered clouds
2,Bilibino,RU,68.0546,166.4372,3.24,90,97,5.84,overcast clouds
3,Vila Velha,BR,-20.3297,-40.2925,75.15,83,20,3.44,few clouds
4,Salinopolis,BR,-0.6136,-47.3561,74.5,95,100,2.46,moderate rain
5,Jvari,GE,42.7169,42.052,38.21,66,95,4.74,overcast clouds
6,Yerbogachen,RU,61.2767,108.0108,-10.77,97,97,3.74,overcast clouds
7,Saint Peter,BB,13.25,-59.6167,72.16,72,1,11.3,clear sky
8,Nanortalik,GL,60.1432,-45.2371,14.18,82,99,6.55,overcast clouds
9,Sao Filipe,CV,14.8961,-24.4956,70.56,71,87,10.29,overcast clouds
10,Tilichiki,RU,60.4667,166.1,9.34,93,100,7.16,overcast clouds
11,Tiksi,RU,71.6872,128.8694,-0.65,99,100,7.67,light snow
12,Torbay,CA,47.6666,-52.7314,34.57,95,100,21.85,snow
13,Barrow,US,71.2906,-156.7887,-5.78,77,0,21.85,clear sky
14,Rikitea,PF,-23.1203,-134.9692,79.02,72,5,14.47,clear sky
15,Hithadhoo,MV,-0.6,73.0833,81.1,73,16,11.52,few clouds
16,Bambanglipuro,ID,-7.95,110.2833,85.17,66,100,8.01,overcast clouds
17,Avarua,CK,-21.2078,-159.775,77.05,88,75,12.66,haze
18,Khatanga,RU,71.9667,102.5,-45.36,100,62,2.15,broken clouds
19,Ribeira Grande,PT,38.5167,-28.7,51.78,80,98,7.0,overcast clouds
20,Bathsheba,BB,13.2167,-59.5167,74.01,78,20,11.5,few clouds
21,Ahipara,NZ,-35.1667,173.1667,73.29,76,99,8.3,overcast clouds
22,Tiznit,MA,29.5833,-9.5,48.61,27,37,14.32,scattered clouds
23,Hadgaon,IN,19.5,77.6667,77.38,36,13,14.54,few clouds
24,Kanda,JP,33.7833,130.9833,61.25,71,75,9.22,broken clouds
25,Griffith,US,41.5284,-87.4237,8.46,66,0,5.75,clear sky
26,Radis,TN,36.7681,10.2753,49.91,81,40,8.05,scattered clouds
27,Atuona,PF,-9.8,-139.0333,79.02,77,64,23.85,broken clouds
28,Hermanus,ZA,-34.4187,19.2345,64.8,90,4,3.44,clear sky
29,Jamestown,US,42.097,-79.2353,18.55,89,0,5.75,clear sky
30,Yumen,CN,40.2833,97.2,25.79,31,100,3.29,overcast clouds
31,Uralets,RU,57.6614,59.6497,18.25,93,98,9.1,overcast clouds
32,Yellowknife,CA,62.456,-114.3525,-26.88,68,20,11.5,few clouds
33,Dikson,RU,73.5069,80.5464,-9.98,92,43,7.94,scattered clouds
34,Arraial Do Cabo,BR,-22.9661,-42.0278,75.43,90,91,23.69,overcast clouds
35,Busselton,AU,-33.65,115.3333,81.81,32,0,9.33,clear sky
36,Ushuaia,AR,-54.8,-68.3,56.86,51,75,13.8,broken clouds
37,Vila Franca Do Campo,PT,37.7167,-25.4333,54.01,83,38,7.52,light rain
38,Cape Town,ZA,-33.9258,18.4232,72.37,85,40,11.5,scattered clouds
39,Pisco,PE,-13.7,-76.2167,73.45,78,0,8.05,light rain
40,Tateyama,JP,34.9833,139.8667,58.1,50,75,17.27,broken clouds
41,Nuuk,GL,64.1835,-51.7216,4.26,88,100,14.0,overcast clouds
42,Bluff,NZ,-46.6,168.3333,61.99,90,100,10.18,overcast clouds
43,Isangel,VU,-19.55,169.2667,82.62,74,100,3.78,overcast clouds
44,Verkh-Usugli,RU,52.7,115.1667,7.12,59,2,4.88,clear sky
45,Baoqing,CN,46.3317,132.2111,11.53,80,100,14.0,overcast clouds
46,Oktyabrskiy,RU,54.4815,53.471,3.78,96,38,5.75,scattered clouds
47,Port Elizabeth,ZA,-33.918,25.5701,70.32,99,0,8.05,clear sky
48,Bangarapet,IN,12.9667,78.2,77.05,34,86,12.21,overcast clouds
49,Albany,US,42.6001,-73.9662,19.58,63,98,2.93,overcast clouds
50,Vaini,TO,-21.2,-175.2,82.56,83,75,9.22,light rain
51,Butaritari,KI,3.0707,172.7902,80.35,79,91,17.94,light rain
52,Kapaa,US,22.0752,-159.319,76.98,88,40,9.22,scattered clouds
53,Longyearbyen,SJ,78.2186,15.6401,15.64,62,40,11.5,scattered clouds
54,Providencia,MX,28.7167,-111.5833,52.41,73,0,8.55,clear sky
55,Kokopo,PG,-4.352,152.2633,83.95,69,98,11.1,light rain
56,Pochutla,MX,15.7432,-96.4661,75.02,75,1,3.83,clear sky
57,Vaasa,FI,63.096,21.6158,24.82,93,100,2.3,fog
58,Virginia Beach,US,36.8529,-75.978,45.01,90,100,11.5,overcast clouds
59,Sao Joao Da Barra,BR,-21.6403,-41.0511,75.27,88,39,16.84,scattered clouds
60,Port Alfred,ZA,-33.5906,26.891,75.09,73,3,5.84,clear sky
61,Severo-Kurilsk,RU,50.6789,156.125,25.11,58,64,4.79,broken clouds
62,Kamaishi,JP,39.2667,141.8833,44.2,57,82,21.23,broken clouds
63,Ancud,CL,-41.8697,-73.8203,48.61,88,0,2.82,clear sky
64,Bubaque,GW,11.2833,-15.8333,76.91,53,13,13.29,few clouds
65,Lompoc,US,34.6391,-120.4579,47.59,87,0,1.01,clear sky
66,Shingu,JP,33.7333,135.9833,57.87,52,100,13.4,overcast clouds
67,Marawi,PH,7.9986,124.2928,79.74,74,41,7.29,scattered clouds
68,Hilo,US,19.7297,-155.09,76.28,89,40,4.61,scattered clouds
69,Tazovskiy,RU,67.4667,78.7,8.17,95,100,17.67,light snow
70,Magole,TZ,-6.3667,37.3667,73.11,74,27,1.72,scattered clouds
71,Saldanha,ZA,-33.0117,17.9442,59.05,91,0,10.92,clear sky
72,Orhei,MD,47.3831,28.8231,29.79,89,65,4.07,broken clouds
73,Cayenne,GF,4.9333,-52.3333,73.44,100,100,0.0,mist
74,Tam Ky,VN,15.5667,108.4833,76.5,73,100,6.31,overcast clouds
75,Provideniya,RU,64.3833,-173.3,24.91,100,100,2.24,fog
76,Chunhuhub,MX,19.55,-88.6833,67.24,99,42,2.3,scattered clouds
77,Muisne,EC,0.6,-80.0333,75.83,88,37,3.51,scattered clouds
78,Winnemucca,US,40.973,-117.7357,24.93,65,90,3.42,overcast clouds
79,Krasnyye Barrikady,RU,46.2045,47.8535,15.76,86,40,6.71,mist
80,Ambilobe,MG,-13.2,49.05,80.53,82,62,1.21,broken clouds
81,Itarema,BR,-2.9248,-39.9167,76.87,90,48,10.89,scattered clouds
82,Abapo,BO,-18.8333,-63.4667,61.56,96,100,3.31,overcast clouds
83,Hobart,AU,-42.8794,147.3294,69.26,51,40,12.66,scattered clouds
84,New Norfolk,AU,-42.7826,147.0587,68.92,37,54,5.99,broken clouds
85,Vanimo,PG,-2.6741,141.3028,83.59,73,95,5.66,overcast clouds
86,Bredasdorp,ZA,-34.5322,20.0403,67.03,88,9,4.85,clear sky
87,Karakol,KG,42.4907,78.3936,27.68,67,79,1.59,broken clouds
88,Castro,BR,-24.7911,-50.0119,63.03,98,100,2.62,overcast clouds
89,Auki,SB,-8.7676,160.7034,84.06,71,89,8.93,overcast clouds
90,Constitucion,CL,-35.3333,-72.4167,54.59,79,1,6.91,clear sky
91,Marand,IR,38.4329,45.7749,32.25,95,97,2.55,snow
92,Mahebourg,MU,-20.4081,57.7,82.69,78,75,8.05,broken clouds
93,Kavieng,PG,-2.5744,150.7967,83.1,72,93,8.59,moderate rain
94,Tupik,RU,54.4253,119.9327,2.98,72,98,6.06,overcast clouds
95,Ponta Do Sol,PT,32.6667,-17.1,60.71,61,60,6.29,broken clouds
96,Rudbar,AF,30.15,62.6,61.59,39,3,20.98,clear sky
97,Paracatu,BR,-17.2222,-46.8747,70.68,81,99,0.47,overcast clouds
98,Cartagena,CO,10.3997,-75.5144,76.62,78,0,5.75,clear sky
99,Shuya,RU,56.8487,41.3883,25.07,95,100,9.24,overcast clouds
100,Adrar,MR,20.5022,-10.0711,58.15,15,35,10.45,scattered clouds
101,Upernavik,GL,72.7868,-56.1549,-4.72,93,100,4.14,overcast clouds
102,Goedereede,NL,51.8175,3.9806,45.05,79,71,11.99,broken clouds
103,Svetlaya,RU,46.5389,138.3297,16.72,50,100,3.15,overcast clouds
104,Quatre Cocos,MU,-20.2078,57.7625,82.51,70,98,14.0,overcast clouds
105,East London,ZA,-33.0153,27.9116,70.74,88,0,5.75,clear sky
106,Bethel,US,41.3712,-73.414,29.01,59,100,5.75,overcast clouds
107,Bengkulu,ID,-3.8004,102.2655,83.32,69,100,9.93,overcast clouds
108,Georgetown,MY,5.4112,100.3354,85.95,70,20,4.61,few clouds
109,Fairbanks,US,64.8378,-147.7164,15.76,78,100,6.91,light snow
110,Mezen,RU,65.8522,44.24,25.07,92,100,12.12,light snow
111,Koster,ZA,-25.863,26.8976,61.59,85,87,4.9,light rain
112,Nador,MA,35.174,-2.9287,44.85,81,0,3.44,clear sky
113,Qaanaaq,GL,77.484,-69.3632,-8.43,51,78,7.31,broken clouds
114,Dubbo,AU,-32.25,148.6167,91.53,13,0,9.22,clear sky
115,Mizdah,LY,31.4451,12.9801,39.65,75,2,6.71,clear sky
116,Kloulklubed,PW,7.0419,134.2556,84.7,81,70,21.68,broken clouds
117,Nikolskoye,RU,59.7035,30.7861,31.91,85,99,7.27,overcast clouds
118,Micheweni,TZ,-4.9667,39.8333,79.88,75,6,5.86,clear sky
119,Puerto Escondido,MX,15.85,-97.0667,75.29,71,2,4.85,clear sky
120,Mar Del Plata,AR,-38.0023,-57.5575,70.09,84,100,5.75,moderate rain
121,Sabang,ID,5.8933,95.3214,79.83,72,99,4.07,overcast clouds
122,Rio Grande,BR,-32.035,-52.0986,73.65,84,0,2.48,clear sky
123,Chokurdakh,RU,70.6333,147.9167,-2.69,97,100,7.83,overcast clouds
124,Klaksvik,FO,62.2266,-6.589,38.32,86,96,28.19,light rain
125,Santa Fe,AR,-31.6333,-60.7,76.95,68,0,7.02,light rain
126,Lebu,CL,-37.6167,-73.65,56.48,86,0,20.71,clear sky
127,Shakhtinsk,KZ,49.71,72.5872,6.4,94,55,2.77,broken clouds
128,Gua Musang,MY,4.8823,101.9644,87.46,58,60,3.56,broken clouds
129,Alofi,NU,-19.0595,-169.9187,80.49,83,98,6.91,moderate rain
130,Egvekinot,RU,66.3167,-179.1667,16.48,96,99,5.44,light snow
131,Waipawa,NZ,-41.4122,175.5153,67.39,80,100,11.32,light rain
132,Carnarvon,AU,-24.8667,113.6333,81.45,67,44,14.25,scattered clouds
133,Jijiga,ET,9.35,42.8,65.03,38,3,7.23,clear sky
134,Hami,CN,42.8,93.45,30.54,28,96,1.34,overcast clouds
135,Tabuk,PH,17.4189,121.4443,80.71,64,26,6.49,scattered clouds
136,Sioux Lookout,CA,50.1001,-91.917,-12.93,84,0,3.44,clear sky
137,Mackay,AU,-21.15,149.2,90.68,83,100,13.13,light rain
138,Mount Pleasant,US,32.7941,-79.8626,63.09,98,100,6.91,mist
139,Pedasi,PA,7.5333,-80.0333,74.07,78,90,22.44,overcast clouds
140,Taltal,CL,-25.4,-70.4833,67.77,85,67,1.19,broken clouds
141,Roros,NO,62.5747,11.3842,-5.96,77,100,0.0,overcast clouds
142,Vieux-Habitants,GP,16.0589,-61.7659,72.72,79,9,5.32,clear sky
143,Gat,IL,31.61,34.7642,53.4,100,63,17.67,broken clouds
144,Zhangjiakou,CN,40.81,114.8794,21.6,24,16,13.0,few clouds
145,Broken Hill,AU,-31.95,141.4333,80.51,28,0,9.93,clear sky
146,Varadero,CU,23.1536,-81.2514,72.36,82,5,15.52,clear sky
147,Taoudenni,ML,22.6783,-3.9836,54.39,23,98,12.33,overcast clouds
148,Flinders,AU,-34.5833,150.8552,76.24,68,4,10.51,clear sky
149,Half Moon Bay,US,37.4636,-122.4286,50.31,50,0,10.36,clear sky
150,Kruisfontein,ZA,-34.0033,24.7314,70.45,74,0,9.57,clear sky
151,Nelson Bay,AU,-32.7167,152.15,81.09,75,34,11.01,scattered clouds
152,Olafsvik,IS,64.8945,-23.7142,29.79,88,100,13.82,light snow
153,Mataura,NZ,-46.1927,168.8643,68.72,78,100,2.89,moderate rain
154,Walvis Bay,NA,-22.9575,14.5053,64.09,82,100,0.0,overcast clouds
155,Quchan,IR,37.106,58.5095,38.16,98,100,8.39,light rain
156,Port Blair,IN,11.6667,92.75,84.24,74,20,4.61,few clouds
157,Prince Rupert,CA,54.3161,-130.3201,40.69,91,100,27.63,light rain
158,Pangnirtung,CA,66.1451,-65.7125,-22.86,75,100,3.74,overcast clouds
159,Berlevag,NO,70.8578,29.0864,33.75,75,100,26.46,light snow
160,Leningradskiy,RU,69.3833,178.4167,5.36,96,100,9.91,overcast clouds
161,Galich,RU,58.3797,42.3475,25.92,95,100,8.77,overcast clouds
162,Kununurra,AU,-15.7667,128.7333,89.58,58,100,4.61,overcast clouds
163,Lata,PT,40.1629,-8.3327,36.0,77,1,3.94,clear sky
164,Sal Rei,CV,16.1833,-22.9167,69.12,74,100,18.97,overcast clouds
165,La Ronge,CA,55.1001,-105.2842,-27.15,68,0,1.14,clear sky
166,Nome,US,64.5011,-165.4064,21.27,100,100,0.0,light snow
167,Saint-Augustin,CA,51.226,-58.6502,-11.38,88,1,6.08,clear sky
168,Oksfjord,NO,70.2396,22.3479,28.99,91,100,5.08,overcast clouds
169,Kodiak,US,57.79,-152.4072,36.91,93,100,11.5,overcast clouds
170,Awjilah,LY,29.1081,21.2869,49.33,77,4,11.45,clear sky
171,Skibbereen,IE,51.55,-9.2667,48.11,78,100,17.02,overcast clouds
172,Mayo,US,38.8876,-76.5119,37.51,89,100,5.75,overcast clouds
173,Sawtell,AU,-30.3833,153.1,85.19,69,20,8.05,few clouds
174,Zwedru,LR,6.0667,-8.1281,70.81,98,20,1.3,few clouds
175,Ostrovnoy,RU,68.0531,39.5131,21.27,95,96,5.77,overcast clouds
176,Sosnovo-Ozerskoye,RU,52.5249,111.5418,-0.45,82,67,10.36,broken clouds
177,Touros,BR,-5.1989,-35.4608,79.0,74,100,13.18,overcast clouds
178,Copiapo,CL,-27.3667,-70.3333,60.49,73,5,1.68,clear sky
179,Souillac,MU,-20.5167,57.5167,82.78,78,75,8.05,broken clouds
180,Saskylakh,RU,71.9167,114.0833,-17.82,97,100,17.31,light snow
181,Nyurba,RU,63.2842,118.3319,-20.02,95,97,7.65,overcast clouds
182,Cabedelo,BR,-6.9811,-34.8339,79.47,79,98,9.93,overcast clouds
183,Savinka,RU,50.0785,47.0994,22.71,90,81,8.61,broken clouds
184,Miri,MY,4.4148,114.0089,86.14,70,40,8.05,scattered clouds
185,Banda Aceh,ID,5.5577,95.3222,82.53,65,82,2.59,broken clouds
186,Elizabeth City,US,36.2946,-76.2511,50.02,97,100,11.5,overcast clouds
187,Camacha,PT,33.0833,-16.3333,56.62,58,20,14.97,light rain
188,Campo Verde,BR,-20.4167,-54.0667,70.09,94,100,2.95,overcast clouds
189,Dingle,PH,10.9995,122.6711,83.44,75,47,15.17,scattered clouds
190,Gizo,SB,-8.103,156.8419,83.53,73,97,9.93,moderate rain
191,Ugoofaaru,MV,5.6667,73.0,80.37,75,100,12.53,overcast clouds
192,Thinadhoo,MV,0.5333,72.9333,81.12,74,100,11.07,overcast clouds
193,Almonte,ES,37.2647,-6.5167,42.28,56,0,5.17,clear sky
194,Wausau,US,44.9591,-89.6301,6.42,66,20,4.61,few clouds
195,Kahului,US,20.8947,-156.47,76.84,85,20,6.91,few clouds
196,Bowen,AU,-20.0167,148.2333,83.26,82,100,15.39,overcast clouds
197,Pachperwa,IN,27.5167,82.65,68.61,51,0,10.51,clear sky
198,Hualmay,PE,-11.0964,-77.6139,71.76,79,100,6.22,overcast clouds
199,Rawson,AR,-43.3002,-65.1023,59.41,62,0,17.31,clear sky
200,Nampula,MZ,-15.1165,39.2666,75.15,94,75,3.44,broken clouds
201,Norman Wells,CA,65.282,-126.8329,-29.16,75,20,4.61,few clouds
202,Tura,IN,25.5198,90.2201,79.86,29,22,3.91,few clouds
203,Port Lincoln,AU,-34.7333,135.8667,66.43,54,88,14.43,overcast clouds
204,Kargasok,RU,59.0556,80.8572,4.84,93,23,6.44,few clouds
205,Kavaratti,IN,10.5669,72.642,79.84,74,83,11.65,broken clouds
206,Smithers,CA,54.7804,-127.1743,23.32,93,100,3.44,light snow
207,Atambua,ID,-9.1061,124.8925,82.83,69,48,6.24,scattered clouds
208,Piranshahr,IR,36.701,45.1413,29.8,96,68,6.49,light snow
209,Matagami,CA,49.7502,-77.6328,-0.29,85,100,5.75,overcast clouds
210,Faanui,PF,-16.4833,-151.75,81.99,73,100,14.25,overcast clouds
211,Anadyr,RU,64.75,177.4833,27.1,93,40,13.42,mist
212,Chuy,UY,-33.6971,-53.4616,69.75,93,6,5.08,clear sky
213,Fare,PF,-16.7,-151.0167,81.41,74,60,15.64,broken clouds
214,Noumea,NC,-22.2763,166.4572,87.78,66,87,4.38,overcast clouds
215,Aripuana,BR,-9.1667,-60.6333,70.3,98,99,1.72,overcast clouds
216,Kulhudhuffushi,MV,6.6221,73.07,80.24,75,94,14.58,overcast clouds
217,Yarmouth,US,41.7057,-70.2286,30.96,59,100,21.0,overcast clouds
218,Ha Giang,VN,22.8333,104.9833,76.03,36,4,3.83,clear sky
219,Finschhafen,PG,-6.6024,147.8681,86.99,72,83,12.75,broken clouds
220,Hofn,IS,64.2539,-15.2082,28.08,65,96,12.3,overcast clouds
221,Mana,GF,5.6592,-53.7767,73.58,90,45,2.24,scattered clouds
222,Guerrero Negro,MX,27.9769,-114.0611,56.07,61,10,9.46,clear sky
223,Les Cayes,HT,18.2,-73.75,75.65,73,46,2.28,scattered clouds
224,Techiman,GH,7.5862,-1.9414,70.03,54,82,2.46,broken clouds
225,Gewane,ET,10.1664,40.6453,69.66,60,1,5.46,clear sky
226,Hokitika,NZ,-42.7167,170.9667,68.13,86,100,2.71,overcast clouds
227,Mae Hong Son,TH,19.3003,97.9685,75.34,64,20,2.3,few clouds
228,Victoria,HK,22.2855,114.1577,76.96,77,45,5.99,scattered clouds
229,Suntar,RU,62.1444,117.6319,-17.66,92,75,7.29,broken clouds
230,Koutiala,ML,12.3917,-5.4642,70.27,9,100,8.37,overcast clouds
231,Tasiilaq,GL,65.6145,-37.6368,10.56,72,96,7.99,overcast clouds
232,Kaitangata,NZ,-46.2817,169.8464,64.29,87,99,5.5,overcast clouds
233,Dubai,AE,25.2582,55.3047,67.93,73,0,5.75,clear sky
234,Cabo Rojo,PR,18.0866,-67.1457,78.22,64,13,1.99,few clouds
235,Belaya Gora,RU,68.5333,146.4167,-12.93,99,98,4.32,overcast clouds
236,Zhigansk,RU,66.7697,123.3711,-19.3,97,100,8.05,light snow
237,Husavik,IS,66.0449,-17.3389,28.49,95,100,10.83,light snow
238,Aboso,GH,5.3617,-1.9473,73.63,90,46,0.98,scattered clouds
239,Alice Springs,AU,-23.7,133.8833,83.75,51,75,9.22,broken clouds
240,Bani Walid,LY,31.7566,13.9942,45.99,71,7,10.74,clear sky
241,Gonen,TR,40.1049,27.654,40.01,43,96,6.87,overcast clouds
242,Verkhnevilyuysk,RU,63.4453,120.3167,-20.09,97,100,8.7,light snow
243,La Sarre,CA,48.8002,-79.1996,5.47,87,62,8.37,broken clouds
244,Albino,IT,45.7638,9.7964,42.71,74,0,5.75,clear sky
245,Sorland,NO,67.667,12.6934,35.46,64,67,9.06,broken clouds
246,Puerto Ayora,EC,-0.7393,-90.3518,75.54,92,73,4.88,light rain
247,Petropavlovsk-Kamchatskiy,RU,53.0452,158.6483,18.19,49,0,0.0,clear sky
248,Sitka,US,57.0531,-135.33,39.09,87,100,4.61,light rain
249,The Valley,AI,18.217,-63.0578,76.1,68,0,17.34,clear sky
250,Airai,TL,-8.9266,125.4092,70.09,82,82,2.89,broken clouds
251,Hammerfest,NO,70.6634,23.6821,30.65,100,75,17.27,snow
252,Brae,GB,60.3964,-1.353,41.54,95,98,39.08,moderate rain
253,Barcelos,PT,41.5388,-8.6151,45.68,71,39,4.76,scattered clouds
254,Mandalgovi,MN,45.7625,106.2708,13.48,37,0,11.23,clear sky
255,Hasaki,JP,35.7333,140.8333,55.29,46,51,28.79,broken clouds
256,Troitskoye,RU,52.9821,84.6757,18.5,84,100,2.57,overcast clouds
257,Monrovia,LR,6.3005,-10.7969,74.97,91,9,5.01,clear sky
258,Oeiras,BR,-7.0253,-42.1311,73.63,68,53,2.91,broken clouds
259,San Patricio,US,28.017,-97.5169,39.83,85,100,12.28,overcast clouds
260,Saint-Pierre,RE,-21.3393,55.4781,80.19,78,100,11.5,overcast clouds
261,Cabo San Lucas,MX,22.8909,-109.9124,65.61,65,66,3.67,broken clouds
262,Itupiranga,BR,-5.1347,-49.3267,71.92,97,86,0.67,overcast clouds
263,Gbadolite,CD,4.2833,21.0167,69.48,70,36,0.31,scattered clouds
264,Perbaungan,ID,3.5679,98.956,82.51,85,98,1.43,overcast clouds
265,Charters Towers,AU,-20.1,146.2667,90.59,50,100,13.82,overcast clouds
266,Paita,PE,-5.0892,-81.1144,74.48,79,96,5.14,overcast clouds
267,Buta,CD,2.7858,24.73,72.18,60,98,1.41,overcast clouds
268,Thompson,CA,55.7435,-97.8558,-32.64,75,20,0.0,few clouds
269,Volksrust,ZA,-27.3654,29.8818,59.02,94,100,3.33,light rain
270,Saint-Philippe,RE,-21.3585,55.7679,79.11,85,93,11.07,light rain
271,Westport,US,41.1415,-73.3579,32.32,56,100,10.36,overcast clouds
272,Inuvik,CA,68.3499,-133.7218,-19.34,76,20,2.3,few clouds
273,Salalah,OM,17.0151,54.0924,71.69,64,75,3.44,broken clouds
274,Qaqortoq,GL,60.7167,-46.0333,9.5,91,100,5.77,overcast clouds
275,Aksehir,TR,38.3575,31.4164,27.63,89,100,4.21,light snow
276,Kushiro,JP,42.975,144.3747,27.55,59,75,3.44,broken clouds
277,Hervey Bay,AU,-25.2986,152.8535,80.96,82,88,17.18,light rain
278,Cockburn Town,TC,21.4612,-71.1419,77.07,71,91,19.35,light rain
279,Ucluelet,CA,48.9329,-125.5528,40.08,92,100,1.01,overcast clouds
280,Ayr,GB,55.4627,-4.6339,46.38,81,40,28.77,scattered clouds
281,Hohhot,CN,40.8106,111.6522,19.69,32,0,4.47,clear sky
282,Port Hardy,CA,50.6996,-127.4199,37.58,87,100,20.71,light rain
283,Da Lat,VN,11.9465,108.4419,71.51,69,100,4.43,overcast clouds
284,Mogadishu,SO,2.0371,45.3438,76.87,78,40,6.91,scattered clouds
285,Buraydah,SA,26.326,43.975,54.05,54,28,7.52,scattered clouds
286,Laguna,US,38.421,-121.4238,45.97,63,0,4.61,clear sky
287,Esperance,AU,-33.8667,121.9,66.0,57,86,15.35,overcast clouds
288,Vilhena,BR,-12.7406,-60.1458,66.69,99,100,2.1,overcast clouds
289,Banjar,ID,-8.19,114.9675,84.51,79,89,4.07,overcast clouds
290,Kualakapuas,ID,-3.0091,114.3876,89.04,56,100,5.08,overcast clouds
291,Nyimba,ZM,-14.5566,30.8149,69.19,95,93,2.84,overcast clouds
292,Roseburg,US,43.2165,-123.3417,38.52,74,0,0.0,clear sky
293,Lima,PE,-12.0432,-77.0282,74.89,78,0,11.5,clear sky
294,Sechura,PE,-5.5569,-80.8222,74.97,72,95,4.25,overcast clouds
295,Ormond Beach,US,29.2858,-81.0559,71.1,93,20,5.75,few clouds
296,Tevaitoa,PF,-16.7833,-151.5,82.22,71,100,14.94,overcast clouds
297,Ilulissat,GL,69.2167,-51.1,-0.38,71,75,3.44,broken clouds
298,Uray,RU,60.1247,64.7758,17.96,94,96,8.7,overcast clouds
299,Ouango,CF,4.3133,22.5552,66.56,72,5,1.14,clear sky
300,Katherine,AU,-14.4667,132.2667,80.92,83,75,18.41,broken clouds
301,Pevek,RU,69.7008,170.3133,6.33,84,36,3.87,scattered clouds
302,Waingapu,ID,-9.6567,120.2641,86.81,70,94,11.34,overcast clouds
303,Manadhoo,MV,5.7667,73.3833,80.47,76,100,13.13,overcast clouds
304,Emerald,AU,-23.5333,148.1667,90.75,50,67,7.34,broken clouds
305,Padang,ID,-0.9492,100.3543,86.05,69,100,5.12,overcast clouds
306,Makakilo City,US,21.3469,-158.0858,79.12,78,20,5.75,few clouds
307,Khuzdar,PK,27.7384,66.6434,54.84,30,0,1.81,clear sky
308,Srednekolymsk,RU,67.45,153.6833,-19.89,94,97,2.15,overcast clouds
309,Ordzhonikidze,KZ,52.4411,61.7408,0.43,96,63,4.92,broken clouds
310,Forbes,AU,-33.3833,148.0167,93.92,13,15,11.43,few clouds
311,Louis Trichardt,ZA,-23.0439,29.9032,67.17,89,71,6.55,broken clouds
312,Aksarka,RU,66.5606,67.7975,14.85,95,100,12.1,overcast clouds
313,Arhus,DK,56.1567,10.2108,39.42,92,100,19.08,light rain
314,Bambous Virieux,MU,-20.3428,57.7575,82.65,78,75,8.05,broken clouds
315,Galesong,ID,-5.3166,119.3661,87.82,73,94,12.19,overcast clouds
316,Timmins,CA,48.4669,-81.3331,6.62,61,75,9.22,broken clouds
317,Opunake,NZ,-39.4556,173.8583,70.63,83,100,10.69,overcast clouds
318,Cairns,AU,-16.9167,145.7667,87.75,79,40,9.22,scattered clouds
319,Linhares,BR,-19.3911,-40.0722,70.68,97,35,1.97,scattered clouds
320,Manyana,BW,-23.4,21.7167,67.62,86,99,9.95,light rain
321,Vestmanna,FO,62.1564,-7.1664,36.52,87,40,20.71,light rain
322,Thunder Bay,CA,48.4001,-89.3168,-0.42,65,40,8.05,scattered clouds
323,Talnakh,RU,69.4865,88.3972,4.21,95,100,10.38,overcast clouds
324,Olinda,BR,-8.0089,-34.8553,80.33,74,75,5.75,broken clouds
325,Concepcion Del Oro,MX,24.6333,-101.4167,55.98,63,99,3.65,overcast clouds
326,Neryungri,RU,56.6709,124.6491,-6.95,86,100,10.8,overcast clouds
327,Ewa Beach,US,21.3156,-158.0072,80.55,78,20,5.75,few clouds
328,Northam,GB,51.0333,-4.2167,46.62,84,12,19.44,few clouds
329,Harbin,CN,45.75,126.65,12.15,83,100,9.53,overcast clouds
330,Kumluca,TR,36.3703,30.2869,49.86,60,100,6.55,overcast clouds
331,Deputatskiy,RU,69.3,139.9,-18.71,95,100,5.26,overcast clouds
332,Sergeyevka,KZ,53.88,67.4158,3.9,93,55,7.45,broken clouds
333,Juigalpa,NI,12.1063,-85.3645,72.27,88,14,12.5,few clouds
334,Vorontsovka,RU,50.6132,40.3549,25.74,98,97,1.59,overcast clouds
335,Mount Gambier,AU,-37.8333,140.7667,64.54,40,88,9.84,overcast clouds
336,Paamiut,GL,61.994,-49.6678,14.31,73,100,10.51,overcast clouds
337,Derzhavinsk,KZ,51.1,66.3167,1.38,88,34,8.32,scattered clouds
338,Acajutla,SV,13.5928,-89.8275,77.63,70,5,6.91,clear sky
339,San Luis,AR,-33.295,-66.3356,72.84,67,55,8.23,broken clouds
340,Kapit,MY,2.0167,112.9333,88.38,62,95,3.49,overcast clouds
341,Bayir,TR,37.2687,28.2167,34.32,87,71,7.16,broken clouds
342,Cervo,ES,43.6702,-7.4101,46.76,85,62,6.24,broken clouds
343,Ibra,OM,22.6906,58.5334,64.78,46,4,2.73,clear sky
344,Batagay-Alyta,RU,67.8006,130.4114,-9.62,99,100,2.71,overcast clouds
345,Ust-Koksa,RU,50.2696,85.6108,19.08,66,100,1.07,overcast clouds
346,Sitia,GR,35.2,26.0986,47.98,57,96,30.71,light rain
347,Yaan,NG,7.3833,8.5667,77.99,59,52,3.98,broken clouds
348,Ati,TD,13.2154,18.3353,68.11,25,59,10.6,broken clouds
349,Wageningen,NL,51.9667,5.6667,44.1,81,100,13.8,overcast clouds
350,Bara,NG,10.3744,10.7288,69.39,22,95,6.98,overcast clouds
351,Upington,ZA,-28.4478,21.2561,68.38,83,0,2.3,clear sky
352,Bontang,ID,0.1333,117.5,79.57,85,100,4.14,light rain
353,Peniche,PT,39.3558,-9.3811,46.45,93,0,7.92,clear sky
354,Sulangan,PH,11.1373,123.7228,80.73,80,9,9.31,clear sky
355,Orshanka,RU,56.9161,47.8933,19.33,96,28,7.74,scattered clouds
356,Koungou,YT,-12.7336,45.2042,78.51,89,75,9.22,broken clouds
357,Chimbarongo,CL,-34.7,-71.05,65.28,54,4,1.19,clear sky
358,Jumla,NP,29.2747,82.1838,50.14,23,0,3.15,clear sky
359,Luanda,AO,-8.8368,13.2343,78.8,89,75,5.75,light rain
360,Vestmannaeyjar,IS,63.4427,-20.2734,32.07,69,68,4.81,broken clouds
361,Hay River,CA,60.8156,-115.7999,-14.82,76,75,11.5,light snow
362,Liverpool,GB,53.4106,-2.9779,46.09,78,75,21.85,broken clouds
363,Hamilton,US,39.1834,-84.5333,25.45,69,100,6.91,overcast clouds
364,Nidadavole,IN,16.9167,81.6667,84.51,33,25,8.37,scattered clouds
365,Jerantut,MY,3.936,102.3626,87.67,58,91,3.0,overcast clouds
366,Port-Gentil,GA,-0.7193,8.7815,80.11,81,27,14.65,scattered clouds
367,Mangrol,IN,21.1167,70.1167,73.58,38,87,14.47,overcast clouds
368,Likasi,CD,-10.9814,26.7333,60.57,96,94,2.62,overcast clouds
369,Barguzin,RU,53.6167,109.6167,6.15,87,77,1.12,broken clouds
370,Churachandpur,IN,24.3333,93.6667,76.46,22,90,2.08,overcast clouds
371,Cidreira,BR,-30.1811,-50.2056,74.23,92,0,3.06,clear sky
372,Santa Maria Del Rio,MX,21.8,-100.75,54.73,90,20,4.38,few clouds
373,Ayan,RU,56.45,138.1667,-4.61,62,96,13.62,overcast clouds
374,Baruun-Urt,MN,46.6806,113.2792,4.1,71,2,10.0,clear sky
375,Praia Da Vitoria,PT,38.7333,-27.0667,55.76,100,75,9.35,broken clouds
376,West Bay,KY,19.3667,-81.4167,78.01,85,9,1.99,clear sky
377,Clifton Springs,AU,-38.15,144.5667,67.35,59,100,14.97,overcast clouds
378,Yevlax,AZ,40.6089,47.1492,33.78,93,70,3.44,fog
379,Lashio,MM,22.9333,97.75,81.19,25,7,2.21,clear sky
380,Cherskiy,RU,68.75,161.3,-12.66,100,57,6.11,broken clouds
381,Sisimiut,GL,66.9395,-53.6735,-6.2,94,76,7.92,broken clouds
382,Dangriga,BZ,16.9692,-88.2321,76.15,84,7,12.3,light rain
383,Susehri,TR,40.1644,38.0867,33.03,96,100,0.13,light snow
384,North Platte,US,41.1239,-100.7654,8.38,73,0,5.99,clear sky
385,Ozernovskiy,RU,51.5,156.5167,24.78,62,14,10.04,few clouds
386,Tuktoyaktuk,CA,69.4541,-133.0374,-36.4,67,0,3.44,clear sky
387,Naryan-Mar,RU,67.6713,53.087,24.62,94,100,18.99,light snow
388,Saint-Gilles,FR,43.6766,4.4302,46.54,70,0,11.5,clear sky
389,Korla,CN,41.7597,86.1469,24.4,65,50,2.06,scattered clouds
390,Banepa,NP,27.6298,85.5214,61.12,42,20,2.3,haze
391,Darhan,MN,49.4867,105.9228,4.6,81,100,5.41,overcast clouds
392,Russell,US,32.3502,-85.1999,61.83,94,75,3.44,mist
393,Kodinsk,RU,58.6881,99.1844,11.98,93,100,2.28,overcast clouds
394,Moranbah,AU,-22.0016,148.0466,88.57,55,100,14.88,overcast clouds
395,Mayor Pablo Lagerenza,PY,-19.9309,-60.7718,72.0,96,99,3.38,overcast clouds
396,Sovetskiy,RU,61.3614,63.5842,15.24,96,95,6.73,overcast clouds
397,Birjand,IR,32.8663,59.2211,46.87,49,75,13.8,broken clouds
398,Dalbandin,PK,28.8947,64.4101,59.32,34,0,6.11,clear sky
399,Visnes,NO,59.3556,5.2242,42.22,81,20,26.46,light rain
400,Moyale,KE,3.5167,39.0584,71.4,51,5,6.93,clear sky
401,Broome,US,42.2506,-75.833,18.66,81,0,5.75,clear sky
402,Oshnaviyeh,IR,37.0397,45.0983,29.48,92,69,6.2,light snow
403,Bilma,NE,18.6853,12.9164,56.79,31,100,13.35,overcast clouds
404,Saint-Leu,RE,-21.15,55.2833,81.43,78,71,9.8,broken clouds
405,Ixtapa,MX,20.7,-105.2,71.22,88,0,0.0,clear sky
406,Morwell,AU,-38.2333,146.4,65.64,66,45,9.82,scattered clouds
407,Katobu,ID,-4.9408,122.5276,87.76,61,97,2.84,overcast clouds
408,Santa Cruz,BO,-17.8,-63.1667,72.86,94,75,8.05,broken clouds
409,Doha,QA,25.2867,51.5333,67.98,70,0,14.97,clear sky
410,Kirakira,SB,-10.4544,161.9205,83.75,72,98,7.25,overcast clouds
411,Yantal,RU,56.8471,105.2542,9.27,87,100,4.09,overcast clouds
412,Elizabethtown,US,37.694,-85.8591,27.12,87,100,0.0,light snow
413,Oussouye,SN,12.485,-16.5469,69.89,40,67,7.31,broken clouds
414,Coihaique,CL,-45.5752,-72.0662,54.21,71,0,2.3,clear sky
415,Taksimo,RU,56.3444,114.8794,5.16,70,100,4.61,overcast clouds
416,Dumai,ID,1.6833,101.45,79.34,80,100,1.39,overcast clouds
417,Dzilam Gonzalez,MX,21.2833,-88.9333,71.62,85,68,5.88,broken clouds
418,Cooma,AU,-36.2333,149.1333,79.41,26,5,6.58,clear sky
419,Sinnamary,GF,5.3833,-52.95,74.16,90,89,2.13,overcast clouds
420,Inirida,CO,3.8653,-67.9239,72.61,72,45,2.04,scattered clouds
421,Ahuimanu,US,21.4447,-157.8378,80.31,84,40,4.61,scattered clouds
422,Jaru,BR,-10.4389,-62.4664,70.23,99,100,2.01,overcast clouds
423,Aginskoye,RU,51.1,114.53,8.65,65,3,14.14,clear sky
424,Illapel,CL,-31.6308,-71.1653,67.98,77,4,2.3,clear sky
425,Chapada Dos Guimaraes,BR,-15.4606,-55.7497,69.46,90,99,4.7,overcast clouds
426,San Carlos De Bariloche,AR,-41.1456,-71.3082,56.95,54,0,6.91,clear sky
427,Mahanje,TZ,-9.9333,35.3333,66.43,91,39,1.3,scattered clouds
428,Vila Do Maio,CV,15.1333,-23.2167,68.79,72,79,16.98,broken clouds
429,Zaozerne,UA,45.1582,33.2787,36.64,74,100,12.01,overcast clouds
430,Caravelas,BR,-17.7125,-39.2481,74.16,86,97,3.06,overcast clouds
431,Sept-Iles,CA,50.2001,-66.3821,-0.4,67,0,10.36,snow
432,Itoman,JP,26.1247,127.6694,73.42,53,20,16.11,few clouds
433,Pingliang,CN,35.5392,106.6861,31.89,16,99,4.97,overcast clouds
434,Clyde River,CA,70.4692,-68.5914,-28.97,62,0,3.44,clear sky
435,Nong Chik,TH,6.8436,101.178,80.62,73,100,7.2,overcast clouds
436,Boa Vista,BR,2.8197,-60.6733,78.78,69,0,5.75,clear sky
437,Mecca,SA,21.4267,39.8261,70.03,65,26,6.71,scattered clouds
438,Bonthe,SL,7.5264,-12.505,74.75,87,0,2.75,clear sky
439,Jalu,LY,29.0331,21.5482,49.44,75,4,11.63,clear sky
440,Kobayashi,JP,31.9833,130.9833,65.7,69,91,11.45,overcast clouds
441,Dunmore Town,BS,25.5,-76.65,75.15,74,5,10.22,clear sky
442,Khorramshahr,IR,30.4397,48.1664,55.36,88,20,6.91,few clouds
443,Bonavista,CA,48.6499,-53.1147,25.74,94,100,29.84,snow
444,Saint George,US,37.1041,-113.5841,30.43,41,0,6.91,clear sky
445,Bocas Del Toro,PA,9.3333,-82.25,75.54,80,17,4.9,light rain
446,Bandarbeyla,SO,9.4942,50.8122,76.62,63,10,13.58,clear sky
447,Codrington,AU,-38.2667,141.9667,63.21,43,99,12.3,overcast clouds
448,Seoul,KR,37.5683,126.9778,43.99,39,0,11.5,clear sky
449,Geraldton,AU,-28.7667,114.6,91.81,35,0,21.85,clear sky
450,Kalaleh,IR,37.3807,55.4916,44.2,87,100,0.0,light rain
451,Altzayanca,MX,19.4333,-97.7833,47.1,88,5,4.68,clear sky
452,Garissa,KE,-0.4536,39.6401,76.51,75,0,6.73,clear sky
453,Sann,PK,26.0418,68.1378,53.51,32,0,4.74,clear sky
454,North Bend,US,43.4065,-124.2243,38.86,87,0,4.61,clear sky
455,Dunedin,NZ,-45.8742,170.5036,67.06,83,100,10.2,light rain
456,Road Town,VG,18.4167,-64.6167,75.29,64,1,18.28,clear sky
457,Maceio,BR,-9.6658,-35.7353,72.84,100,40,5.75,scattered clouds
458,Khudumelapye,BW,-23.8833,24.75,67.77,77,100,5.46,light rain
459,Pahrump,US,36.2083,-115.9839,37.45,38,0,1.01,clear sky
460,Peterhead,GB,57.5058,-1.7981,39.6,67,17,35.32,few clouds
461,Atar,MR,20.5169,-13.0499,64.36,22,84,4.68,broken clouds
462,Mantua,IT,45.1667,10.7833,33.04,75,1,1.92,clear sky
463,Honningsvag,NO,70.9821,25.9704,33.55,80,75,27.63,light snow
464,Sao Gabriel Da Cachoeira,BR,-0.1303,-67.0892,70.18,97,71,1.03,broken clouds
465,Porto Novo,BJ,6.4965,2.6036,78.62,89,48,0.92,scattered clouds
466,Coahuayana,MX,18.7333,-103.6833,67.71,91,5,3.96,clear sky
467,Kamakhyanagar,IN,20.9333,85.55,85.69,20,50,2.84,scattered clouds
468,Fallon,US,39.4735,-118.7774,26.47,74,40,0.0,scattered clouds
469,Nizwa,OM,22.9333,57.5333,66.06,38,2,3.91,clear sky
470,Whitehorse,CA,60.7161,-135.0538,14.77,85,75,4.61,light snow
471,Grand Gaube,MU,-20.0064,57.6608,82.8,76,85,5.01,overcast clouds
472,Jinka,ET,5.65,36.65,71.04,46,24,2.39,few clouds
473,Necochea,AR,-38.5473,-58.7368,64.92,86,100,5.84,light rain
474,Tautira,PF,-17.7333,-149.15,80.74,77,18,15.41,light rain
475,Bogotol,RU,56.2078,89.5342,9.57,95,100,3.71,overcast clouds
476,Narsaq,GL,60.9167,-46.05,17.82,94,100,4.32,overcast clouds
477,Chapais,CA,49.7834,-74.8492,-11.42,91,100,12.59,light snow
478,Madang,PG,-5.2246,145.7966,83.23,83,91,8.61,overcast clouds
479,Naron,ES,43.5167,-8.1528,46.04,90,14,6.98,few clouds
480,Dhidhdhoo,MV,6.8833,73.1,80.11,75,100,14.52,overcast clouds
481,Santa Cruz De La Palma,ES,28.6835,-17.7642,59.14,77,100,10.36,overcast clouds
482,Wadi Musa,JO,30.3222,35.4793,39.13,85,76,16.13,broken clouds
483,Gimli,CA,50.6336,-96.9907,-12.98,77,41,4.61,scattered clouds
484,Urengoy,RU,65.9667,78.3667,9.19,94,100,16.84,overcast clouds
485,Kolyshley,RU,52.7005,44.5367,25.74,96,99,9.35,overcast clouds
486,Ancona,IT,43.55,13.1667,46.47,60,34,4.61,scattered clouds
487,Henties Bay,NA,-22.116,14.2845,63.18,88,100,5.61,overcast clouds
488,Katangli,RU,51.7102,143.2326,5.83,76,28,9.19,scattered clouds
489,Beringovskiy,RU,63.05,179.3167,19.4,99,60,7.56,broken clouds
490,Vardo,NO,70.3705,31.1107,33.78,80,75,25.32,light snow
491,Ust-Ilimsk,RU,58.0006,102.6619,10.35,92,100,5.86,light snow
492,Canavieiras,BR,-15.675,-38.9472,73.51,87,3,2.53,clear sky
493,Azare,NG,11.6765,10.1948,66.4,20,87,9.08,overcast clouds
494,Marsabit,KE,2.3284,37.9899,64.9,77,5,18.28,clear sky
495,Pasighat,IN,28.0667,95.3333,79.84,25,38,4.14,scattered clouds
496,Vila,PT,42.0304,-8.1588,29.28,70,47,3.96,scattered clouds
497,Muroto,JP,33.2833,134.15,53.56,58,97,11.7,overcast clouds
498,Mahibadhoo,MV,3.7833,72.9667,80.56,75,97,11.88,overcast clouds
499,Liaocheng,CN,36.4439,115.9647,40.33,12,66,18.3,broken clouds
500,Numan,NG,9.4667,12.0333,75.45,22,90,1.5,overcast clouds
501,Vao,NC,-22.6667,167.4833,79.47,77,86,13.22,overcast clouds
502,Umm Lajj,SA,25.0213,37.2685,64.85,47,22,7.96,few clouds
503,Pauini,BR,-7.7136,-66.9764,70.57,99,99,2.42,overcast clouds
504,Sola,VU,-13.8833,167.55,82.08,69,98,5.32,overcast clouds
505,Paciran,ID,-6.8767,112.3761,82.98,76,100,10.22,overcast clouds
506,Namatanai,PG,-3.6667,152.4333,83.1,72,97,9.37,moderate rain
507,Poum,NC,-20.2333,164.0167,80.08,60,86,4.41,overcast clouds
508,Turukhansk,RU,65.8167,87.9833,3.51,95,99,10.71,overcast clouds
509,Rosoman,MK,41.5161,21.9497,33.69,71,4,3.36,clear sky
510,Chernyshevskiy,RU,63.0128,112.4714,-22.2,96,72,2.98,broken clouds
511,Ayagoz,KZ,47.9714,80.4392,18.84,75,100,1.79,overcast clouds
512,Alba,PL,52.0324,23.1165,33.4,95,99,20.56,light snow
513,Dillon,US,34.4166,-79.3712,59.11,94,99,9.26,overcast clouds
514,Fortuna,US,40.5982,-124.1573,40.12,90,0,8.05,clear sky
515,Tual,ID,-5.6667,132.75,83.12,76,88,14.61,overcast clouds
516,Ban Nahin,LA,18.2418,104.2122,88.86,21,19,3.87,few clouds
517,Chingirlau,KZ,51.095,54.0814,2.05,85,51,8.59,broken clouds
518,Teya,RU,60.3778,92.6267,8.74,94,99,2.64,overcast clouds
519,Marrakesh,MA,31.6315,-8.0083,42.87,65,40,3.44,scattered clouds
520,Ipanguacu,BR,-5.4983,-36.855,76.77,73,83,9.26,broken clouds
521,Balabac,PH,7.9868,117.0645,81.95,81,43,16.89,scattered clouds
522,Palmer,US,42.1584,-72.3287,25.07,59,75,5.75,broken clouds
523,Blagodarnyy,RU,45.0978,43.4364,32.58,94,97,5.53,overcast clouds
524,Salem,IN,11.65,78.1667,79.0,47,75,11.5,haze
525,Kingston,JM,17.997,-76.7936,77.95,78,20,8.05,few clouds
526,Ordubad,AZ,38.9059,46.0234,36.3,87,84,3.06,broken clouds
527,Tigil,RU,57.8,158.6667,7.86,94,99,4.61,overcast clouds
528,Cacule,BR,-14.5033,-42.2222,65.35,92,10,1.41,clear sky
529,Bereda,ES,43.2686,-7.5406,28.15,100,28,2.8,scattered clouds
530,Luderitz,NA,-26.6481,15.1594,60.33,89,6,10.65,clear sky
531,Lazaro Cardenas,MX,17.9583,-102.2,72.46,87,2,4.18,clear sky
532,Upata,VE,8.0086,-62.3989,71.19,90,34,3.31,scattered clouds
533,Moron,AR,-34.6534,-58.6198,76.96,80,58,7.18,broken clouds
534,Atasu,KZ,48.6814,71.6433,11.23,95,90,5.53,overcast clouds
535,Awbari,LY,26.5921,12.7805,41.32,40,2,5.55,clear sky
536,Castanos,MX,26.7833,-101.4167,35.35,93,100,3.06,overcast clouds
537,Okha,RU,53.5739,142.9478,-6.45,88,21,10.65,few clouds
538,Zapresic,HR,45.8564,15.8078,32.94,75,3,2.44,clear sky
539,Erenhot,CN,43.6475,111.9767,12.56,42,0,7.14,clear sky
540,Antofagasta,CL,-23.65,-70.4,69.08,81,99,2.62,overcast clouds
541,Pavelets,RU,53.7883,39.246,22.73,96,100,8.37,overcast clouds
542,Alenquer,BR,-1.9417,-54.7383,72.07,93,91,2.66,overcast clouds
543,Panguna,PG,-6.3164,155.4848,76.23,81,97,3.18,moderate rain
544,Maiduguri,NG,11.8464,13.1603,69.17,36,89,6.62,overcast clouds
545,Storforshei,NO,66.4043,14.5233,20.98,93,100,2.3,overcast clouds
546,Ilembo,TZ,-9.25,33.3833,57.29,92,75,1.43,broken clouds
547,Portland,US,45.5234,-122.6762,37.33,72,75,5.75,broken clouds
548,Qarayeri,AZ,40.7886,46.3066,32.88,86,40,9.22,scattered clouds
549,Tema,GH,5.667,-0.0166,79.21,89,0,8.05,clear sky
550,Hovd,MN,48.0056,91.6419,4.37,78,100,3.42,overcast clouds
551,Buala,SB,-8.145,159.5921,83.35,71,93,7.63,overcast clouds
552,Mildura,AU,-34.2,142.15,82.08,35,0,10.42,clear sky
553,Okhotsk,RU,59.3833,143.3,1.6,95,100,12.5,overcast clouds
554,Pedernales,DO,18.0384,-71.744,75.42,70,8,2.55,clear sky
555,San Roque,ES,36.2107,-5.3842,45.43,87,0,2.3,clear sky
556,La Rioja,ES,42.25,-2.5,33.58,92,88,4.88,overcast clouds
557,Gwadar,PK,25.1216,62.3254,68.22,56,0,6.71,clear sky
558,La Fria,VE,8.2203,-72.2439,73.51,73,97,1.74,overcast clouds
559,Ellisras,ZA,-23.6649,27.7443,70.86,71,93,5.86,overcast clouds
560,Baykit,RU,61.67,96.37,1.06,99,99,1.28,overcast clouds
561,Bucerias,MX,20.75,-105.3333,71.98,88,0,0.0,clear sky
562,Cordoba,AR,-31.4135,-64.1811,79.75,79,0,3.44,clear sky
563,Gombong,ID,-7.6072,109.5142,87.67,65,97,4.29,overcast clouds
564,Puerto Carreno,CO,6.189,-67.4859,75.27,52,2,6.44,clear sky
565,Severobaykalsk,RU,55.65,109.3167,0.36,85,81,2.15,broken clouds
566,Coria,ES,39.9879,-6.5377,33.46,80,0,2.04,clear sky
567,Kommunar,RU,59.6206,30.39,31.55,85,99,8.05,overcast clouds
568,Doka,SD,13.5167,35.7667,74.52,30,12,9.4,few clouds
569,Buin,CL,-33.7333,-70.75,74.12,69,3,1.48,clear sky
570,Falam,MM,22.9167,93.6833,76.53,16,7,2.13,clear sky
571,Houma,US,29.5958,-90.7195,64.99,96,100,6.91,mist
572,Namibe,AO,-15.1961,12.1522,71.83,81,100,4.18,overcast clouds
573,Oranjemund,NA,-28.55,16.4333,64.71,84,76,7.65,broken clouds
574,Stamata,GR,38.1333,23.8833,40.53,80,35,5.01,scattered clouds
575,Vidosi,BA,43.7714,17.0283,28.76,80,27,4.97,scattered clouds
576,Keti Bandar,PK,24.1447,67.4497,68.29,31,5,17.83,clear sky
577,Kabanjahe,ID,3.1001,98.4908,75.54,59,79,3.06,broken clouds
578,Gushikawa,JP,26.3544,127.8686,72.63,54,100,12.66,overcast clouds
579,Boquira,BR,-12.8231,-42.7306,66.94,77,3,4.5,clear sky
580,Anchorage,US,61.2181,-149.9003,30.67,92,100,1.01,fog
581,Terekli-Mekteb,RU,44.1671,45.8698,39.33,82,100,7.11,overcast clouds
582,Hirara,JP,24.8,125.2833,75.06,60,75,11.5,broken clouds
583,Davidson,US,36.1501,-86.7833,32.5,87,100,8.99,moderate rain
584,Sumbe,AO,-11.2061,13.8437,77.2,86,93,2.95,overcast clouds
585,Lukovetskiy,RU,64.2956,41.9211,24.28,95,100,10.04,light snow
586,Zhuanghe,CN,39.7008,122.9911,29.66,30,0,20.02,clear sky
587,Senno,RU,59.5336,33.9167,29.26,94,100,8.39,light snow
588,Omsukchan,RU,62.5333,155.8,-12.77,100,92,0.81,overcast clouds
589,Semnan,IR,35.5729,53.3971,39.85,87,81,2.89,broken clouds
590,Lao Cai,VN,22.4833,103.95,77.79,37,2,3.22,clear sky
591,Oistins,BB,13.0667,-59.5333,73.49,78,20,11.5,few clouds
592,Opportunity,US,47.6499,-117.2399,26.29,85,100,0.0,overcast clouds
593,Camopi,GF,3.1655,-52.3158,69.96,99,78,2.19,broken clouds
594,Craig,US,40.5153,-107.5464,-0.78,69,0,0.0,clear sky
595,Bogorodskoye,RU,56.55,37.8833,25.16,96,100,6.67,overcast clouds
596,Storsteinnes,NO,69.2408,19.2344,25.45,97,100,1.45,overcast clouds
597,Labytnangi,RU,66.6572,66.4183,5.94,97,99,4.54,overcast clouds
598,Samarai,PG,-10.6167,150.6667,84.61,70,99,2.28,overcast clouds
599,Mykolayivka,UA,47.5414,30.7561,27.46,92,35,6.64,scattered clouds
600,Tuatapere,NZ,-46.1333,167.6833,67.77,80,98,4.5,overcast clouds
601,Lagoa,PT,39.05,-27.9833,56.89,68,98,11.39,overcast clouds
602,Bongaree,AU,-27.0797,153.1586,92.52,78,83,13.8,broken clouds
603,Huarmey,PE,-10.0681,-78.1522,71.6,79,99,5.44,overcast clouds
604,Mineros,BO,-17.1167,-63.2333,70.86,98,100,2.73,overcast clouds
605,Yulara,AU,-25.2406,130.9889,93.34,11,3,15.46,clear sky
606,Aksu,CN,41.1231,80.2644,22.21,68,100,1.21,overcast clouds
607,Havre-Saint-Pierre,CA,50.2334,-63.5986,5.0,77,0,3.44,clear sky
608,Tsaratanana,MG,-16.7833,47.65,79.21,77,47,8.16,scattered clouds
609,Manoel Urbano,BR,-8.8389,-69.2597,71.91,99,100,2.55,overcast clouds
610,Alampur,IN,15.8833,78.15,81.54,46,100,3.62,overcast clouds
611,Xining,CN,36.6167,101.7667,26.29,25,100,2.75,overcast clouds
612,Dakar,SN,14.6937,-17.4441,65.28,78,28,17.52,scattered clouds
613,Kidal,ML,18.4411,1.4078,60.69,14,30,9.78,scattered clouds
614,College,US,64.8569,-147.8028,15.75,78,100,6.91,light snow
615,Puebloviejo,CO,10.9938,-74.2844,82.58,44,20,13.8,few clouds
616,Maragogi,BR,-9.0122,-35.2225,76.84,82,59,4.43,light rain
617,Waiouru,NZ,-39.4833,175.6667,60.57,86,100,7.36,overcast clouds
618,Siderno,IT,38.2779,16.302,40.33,56,0,7.74,clear sky
619,Comodoro Rivadavia,AR,-45.8667,-67.5,67.86,21,0,14.97,clear sky
620,General Roca,AR,-39.0333,-67.5833,65.62,67,11,4.47,few clouds
621,Gao,ML,16.6362,1.637,62.15,10,100,11.14,overcast clouds
622,Yatou,CN,37.15,122.3833,31.62,48,88,22.44,overcast clouds
623,Senneterre,CA,48.3835,-77.2328,5.68,90,97,9.04,overcast clouds
624,Kosikha,RU,53.3617,84.5822,16.18,84,100,3.44,overcast clouds
625,Marzuq,YE,14.4,46.4667,67.68,26,54,3.51,broken clouds
626,Millinocket,US,45.6573,-68.7098,-2.09,84,0,3.44,clear sky
627,Rocha,UY,-34.4833,-54.3333,67.15,96,15,4.09,few clouds
628,Nago,JP,26.5881,127.9761,73.45,62,29,11.68,scattered clouds
629,Sonqor,IR,34.7837,47.6004,25.95,97,95,4.21,overcast clouds
630,Harper,LR,4.375,-7.7169,78.35,86,65,2.21,broken clouds
631,Honiara,SB,-9.4333,159.95,83.86,73,82,6.93,broken clouds
632,Kargil,IN,34.5667,76.1,-2.36,88,82,2.35,broken clouds
633,Verkhoshizhemye,RU,58.011,49.1038,18.82,92,86,9.55,overcast clouds
634,Richards Bay,ZA,-28.783,32.0377,74.82,87,100,12.33,overcast clouds
635,Revelstoke,CA,50.9832,-118.2023,21.22,86,100,3.44,light snow
636,Gari,RU,59.4307,62.3497,19.71,93,73,9.1,broken clouds
637,Canico,PT,32.6333,-16.85,60.71,75,40,14.97,scattered clouds
638,Kangaatsiaq,GL,68.3065,-53.4641,-6.32,96,71,6.42,broken clouds
639,Kyela,TZ,-9.5833,33.85,72.39,84,70,2.33,light rain
640,Nantucket,US,41.2835,-70.0995,32.14,62,100,14.97,overcast clouds
641,Maningrida,AU,-12.0667,134.2667,87.78,67,87,13.27,overcast clouds
642,San Quintin,MX,30.4833,-115.95,55.13,63,66,1.16,broken clouds
643,Rundu,NA,-17.9333,19.7667,66.16,94,100,3.71,overcast clouds
644,Zeya,RU,53.75,127.2667,4.53,65,99,8.66,overcast clouds
645,Whyalla,AU,-33.0333,137.5833,72.12,54,23,16.4,few clouds
646,Juneau,US,58.3019,-134.4197,34.21,97,100,0.0,light snow
647,West Plains,US,36.7281,-91.8524,22.08,72,40,3.0,scattered clouds
648,Saqqez,IR,36.2499,46.2735,26.01,95,70,4.72,broken clouds
649,Burlatskoye,RU,45.0564,43.635,32.49,93,95,5.37,overcast clouds
650,Poya,NC,-21.35,165.15,82.96,64,80,6.33,broken clouds
651,Katsuura,JP,35.1333,140.3,53.62,58,48,25.19,scattered clouds
652,Hsinchu,TW,24.8036,120.9686,72.93,57,20,1.99,few clouds
653,Berdigestyakh,RU,62.0989,126.6992,-21.03,93,100,7.78,overcast clouds
654,Shancheng,CN,34.7953,116.0817,44.6,17,69,17.85,broken clouds
655,Atherton,GB,53.5237,-2.4935,45.7,82,71,5.99,broken clouds
656,Talcahuano,CL,-36.7167,-73.1167,56.88,77,0,10.36,clear sky
657,Dembi Dolo,ET,8.5333,34.8,66.02,41,48,2.66,scattered clouds
658,Ibirama,BR,-27.0569,-49.5178,72.66,96,71,1.72,broken clouds
659,Goderich,CA,43.7501,-81.7165,20.91,62,100,16.11,overcast clouds
660,Te Anau,NZ,-45.4167,167.7167,65.17,89,100,2.64,overcast clouds
661,Ludvika,SE,60.1496,15.1878,23.34,95,98,2.15,overcast clouds
662,Zaysan,KZ,47.4667,84.8667,11.68,85,99,2.01,overcast clouds
663,Khonsa,IN,27.0167,95.5667,73.04,36,72,5.01,broken clouds
664,Key Biscayne,US,25.6937,-80.1628,76.01,85,0,6.91,clear sky
665,Fort Dodge,US,42.4975,-94.168,6.8,78,0,5.75,clear sky
666,Sotuta,MX,20.6,-89.0167,69.17,92,38,3.8,scattered clouds
667,Brownwood,US,31.7093,-98.9912,27.72,84,100,6.91,snow
668,Gubin,PL,51.9496,14.7284,40.3,80,100,15.68,overcast clouds
669,Muros,ES,42.7762,-9.0603,42.84,88,10,11.88,clear sky
670,Haines Junction,CA,60.7522,-137.5108,6.96,99,95,1.81,overcast clouds
671,Athabasca,CA,54.7169,-113.2854,5.41,97,100,0.81,overcast clouds
672,Samokov,BG,42.3333,23.55,27.1,87,49,5.59,scattered clouds
673,Coruripe,BR,-10.1256,-36.1756,76.41,80,100,5.01,overcast clouds
674,Voskresenskoye,RU,56.8381,45.4317,16.83,94,93,8.1,overcast clouds
675,Sambava,MG,-14.2667,50.1667,81.52,76,17,7.49,light rain
676,Komsomolskiy,UZ,40.4272,71.7189,36.32,64,100,2.3,smoke
677,Celestun,MX,20.8667,-90.4,74.41,80,67,9.31,broken clouds
678,Champerico,GT,14.3,-91.9167,77.09,71,6,4.79,clear sky
679,Magadan,RU,59.5667,150.8,11.53,94,100,5.95,overcast clouds
680,Bardiyah,LY,31.7561,25.0865,57.02,52,67,25.37,light rain
681,Salinas,US,36.6777,-121.6555,47.71,67,0,3.44,clear sky
682,Puerto Rondon,CO,6.2805,-71.1,74.59,50,3,5.23,clear sky
683,Meulaboh,ID,4.1363,96.1285,84.02,61,91,3.56,overcast clouds
684,Manono,CD,-7.3,27.4167,68.0,97,11,1.3,few clouds
685,Herat,AF,34.5,62.0,53.11,36,100,34.0,overcast clouds
686,Bystryy Istok,RU,52.371,84.3873,17.38,89,100,1.21,overcast clouds
687,Tiarei,PF,-17.5333,-149.3333,82.42,76,11,15.1,light rain
688,Moncao,PT,42.0789,-8.4808,44.15,78,29,4.09,scattered clouds
689,Bourail,NC,-21.5667,165.4833,82.02,65,74,6.04,broken clouds
690,Pacific Grove,US,36.6177,-121.9166,46.08,75,0,3.44,clear sky
691,Helong,CN,42.5397,128.9972,22.08,72,99,13.13,overcast clouds
692,Dicabisagan,PH,17.0818,122.4157,79.43,70,89,4.88,overcast clouds
693,Moindou,NC,-21.6924,165.677,82.22,64,90,5.3,overcast clouds
694,Karratha,AU,-20.7377,116.8463,95.63,45,18,17.09,few clouds
695,Nazret,ET,8.55,39.2667,64.27,38,5,1.92,clear sky
696,Limbang,MY,4.75,115.0,86.11,75,94,4.27,overcast clouds
697,Maridi,SS,4.9158,29.4742,76.5,42,27,3.13,scattered clouds
698,Portoferraio,IT,42.8115,10.3146,50.09,58,99,7.87,overcast clouds
699,San Cristobal,VE,7.7669,-72.225,64.58,89,89,2.66,overcast clouds
700,Mercedes,AR,-34.6515,-59.4307,73.78,86,58,6.46,light rain
701,Ternate,ID,0.8,127.4,83.34,75,45,9.71,scattered clouds
702,Quechultenango,MX,17.4167,-99.2167,64.08,87,0,0.78,clear sky
703,Strelka,RU,58.0728,93.0344,11.91,93,100,3.11,overcast clouds
704,Calama,CL,-22.4667,-68.9333,55.89,71,0,6.91,clear sky
705,Razole,IN,16.4833,81.8333,85.55,40,61,7.61,broken clouds
706,Norrtalje,SE,59.758,18.705,28.02,81,82,2.8,broken clouds
707,Yauya,PE,-8.9833,-77.3,51.42,75,100,0.6,light rain
708,Amot,NO,59.5714,7.9877,25.7,88,81,6.2,broken clouds
709,Quang Ngai,VN,15.1167,108.8,77.59,74,86,4.99,overcast clouds
710,Marquette,US,46.5333,-87.6335,6.67,76,59,7.0,broken clouds
